reaction_id,reaction_name,subsystem,reaction_layer,source_model,active_group_count,active_groups,n_genes,annotated_genes,ensembl_gene_ids,civicmine_biomarker_rows,civicmine_citation_count,civicmine_prognostic_rows,civicmine_diagnostic_rows,civicmine_predictive_rows,civicmine_predictive_drug_rows,civicmine_unique_drugs,civicmine_unique_cancers,dgidb_interactions,dgidb_unique_drugs,dgidb_approved_drugs,dgidb_publication_pmids,dgidb_max_interaction_score,drugbank_source_interactions,drugbank_source_unique_drugs,opentargets_cancer_assoc_count_top200,opentargets_cancer_max_score_top200,opentargets_cancer_unique_clinical_drugs,opentargets_unique_clinical_drugs,opentargets_cancer_clinical_candidate_rows,matched_civicmine_biomarker_rows,matched_civicmine_predictive_drug_rows,matched_civicmine_active_groups,matched_opentargets_cancer_assoc_count_top200,matched_opentargets_cancer_max_score_top200,matched_opentargets_cancer_clinical_candidate_rows,matched_opentargets_cancer_unique_clinical_drugs,matched_opentargets_active_groups,matched_civicmine_biomarker_rows_present,matched_civicmine_predictive_drug_rows_present,matched_opentargets_cancer_max_score_top200_present,matched_opentargets_cancer_unique_clinical_drugs_present,dgidb_unique_drugs_present,dgidb_approved_drugs_present,drugbank_source_unique_drugs_present,cancer_matched_evidence_score,drug_interaction_evidence_score,total_binary_annotation_score,display_label,rank_score
MAR08971,Glucose 6-Phosphate Dehydrogenase,Pentose phosphate pathway,Cancer-specific,GNN,3,"BLCA,PAAD,TGCT",1,G6PD,ENSG00000160211,48.0,104.0,41.0,4.0,3.0,3.0,3.0,22.0,100.0,100.0,79.0,73.0,2.92341271929759,1.0,1.0,49.0,0.2771128021982917,0.0,0.0,0.0,4,0,BLCA,1,0.0283270639287334,0,0,BLCA,1,0,1,0,1,1,1,2,3,5,G6PD PPP | G6PD,526.1414645471081
MAR02591,Acetyl-CoA:carnitine O-acetyltransferase,Carnitine shuttle (cytosolic),Cancer-specific,XGBoost,3,"BLCA,KIRC,LIHC",3,"CPT1A, CPT1B, CPT1C","ENSG00000110090, ENSG00000169169, ENSG00000205560",36.0,48.0,32.0,3.0,1.0,1.0,1.0,14.0,47.0,47.0,30.0,1.0,4.015676812221964,1.0,1.0,150.0,0.155773072485968,0.0,2.0,0.0,7,0,"BLCA,KIRC,LIHC",17,0.0946084697008877,0,0,"BLCA,KIRC,LIHC",1,0,1,0,1,1,1,2,3,5,Carnitine acetyltransfer | CPT,525.6634287461649
MAR02742,palmitoyl-CoA:L-carnitine O-palmitoyltransferase,Carnitine shuttle (cytosolic),Cancer-specific,GNN,1,BLCA,3,"CPT1A, CPT1B, CPT1C","ENSG00000110090, ENSG00000169169, ENSG00000205560",36.0,48.0,32.0,3.0,1.0,1.0,1.0,14.0,47.0,47.0,30.0,1.0,4.015676812221964,1.0,1.0,150.0,0.155773072485968,0.0,2.0,0.0,2,0,BLCA,4,0.0325230272122537,0,0,BLCA,1,0,1,0,1,1,1,2,3,5,palmitoyl-CoA:L-carnitine O-p... | CPT,524.5825994931532
MAR02714,MAR02714,Carnitine shuttle (cytosolic),Cancer-specific,GNN,1,LIHC,3,"CPT1A, CPT1B, CPT1C","ENSG00000110090, ENSG00000169169, ENSG00000205560",36.0,48.0,32.0,3.0,1.0,1.0,1.0,14.0,47.0,47.0,30.0,1.0,4.015676812221964,1.0,1.0,150.0,0.155773072485968,0.0,2.0,0.0,1,0,LIHC,5,0.0873281117606037,0,0,LIHC,1,0,1,0,1,1,1,2,3,5,Carnitine shuttle | CPT,524.177134385045
MAR04375,"D-fructose-1,6-bisphosphate D-glyceraldehyde-3-phosphate-lyase (glycerone-phosphate-forming)",Glycolysis / Gluconeogenesis,Cancer-specific,XGBoost,3,"STAD,TGCT,THCA",3,"ALDOA, ALDOB, ALDOC","ENSG00000109107, ENSG00000136872, ENSG00000149925",63.0,95.0,62.0,1.0,0.0,0.0,0.0,14.0,16.0,16.0,2.0,0.0,10.4407597117771,2.0,2.0,223.0,0.1236324492081236,0.0,0.0,0.0,7,0,STAD,9,0.0967619686883966,0,0,"STAD,TGCT,THCA",1,0,1,0,1,1,1,2,3,5,"ALDO | ALDOA, ALDOB, A...",523.3280538303479
MAR00709,palmitoyl-CoA hydrolase,Fatty acid biosynthesis,Cancer-specific,XGBoost,2,"COAD,STAD",9,"ACOT1, ACOT2, ACOT4, ACOT6, ACOT7, BAAT, EGFL8, PPT1, PPT2","ENSG00000097021, ENSG00000119673, ENSG00000131238, ENSG00000136881, ENSG00000177465, ENSG00000184227, ENSG00000205669, ENSG00000221988, ENSG00000241404",39.0,42.0,37.0,2.0,0.0,0.0,0.0,7.0,14.0,14.0,7.0,3.0,26.10189927944276,0.0,0.0,250.0,0.1024177210550706,0.0,0.0,0.0,4,0,"COAD,STAD",25,0.0533652652243126,0,0,"COAD,STAD",1,0,1,0,1,1,0,2,2,4,Acyl-CoA hydrolysis | ACOT/PPT,423.788879454114
MAR00872,Beta Oxidation of Long Chain Fatty Acid,Fatty acid oxidation,Cancer-specific,XGBoost,1,KIRP,4,"ACAA1, ACOX1, EHHADH, HSD17B4","ENSG00000060971, ENSG00000113790, ENSG00000133835, ENSG00000161533",32.0,38.0,25.0,3.0,4.0,4.0,4.0,6.0,32.0,32.0,13.0,0.0,1.631368704965172,0.0,0.0,168.0,0.0980008940577705,0.0,0.0,0.0,1,0,KIRP,11,0.0739159709369403,0,0,KIRP,1,0,1,0,1,1,0,2,2,4,"Beta Oxidation of Long Chain... | ACAA, ACOX, EHH...",423.3822045101752
MAR00974,Beta Oxidation of Long Chain Fatty Acid,Fatty acid oxidation,Cancer-specific,XGBoost,1,KIRP,4,"ACAA1, ACOX1, EHHADH, HSD17B4","ENSG00000060971, ENSG00000113790, ENSG00000133835, ENSG00000161533",32.0,38.0,25.0,3.0,4.0,4.0,4.0,6.0,32.0,32.0,13.0,0.0,1.631368704965172,0.0,0.0,168.0,0.0980008940577705,0.0,0.0,0.0,1,0,KIRP,11,0.0739159709369403,0,0,KIRP,1,0,1,0,1,1,0,2,2,4,LCFA beta-oxidation | ACAA/ACOX,423.3822045101752
MAR01030,arachidonate:oxygen 12-oxidoreductase,Arachidonic acid metabolism,Cancer-specific,Both,4,"LUAD,LUSC,PAAD,TGCT",1,ALOX12,ENSG00000108839,10.0,12.0,8.0,0.0,0.0,0.0,0.0,5.0,31.0,31.0,7.0,2.0,3.367987003799066,1.0,1.0,78.0,0.1906573631668044,0.0,1.0,0.0,0,0,,4,0.0238608621711342,0,0,"LUAD,LUSC,PAAD",0,0,1,0,1,1,1,1,3,4,arachidonate:oxygen 12-oxidor... | ALOX12,412.27944154167983
MAR04388,(S)-Lactate:NAD+ oxidoreductase,Glycolysis / Gluconeogenesis,Cancer-specific,GNN,4,"LUAD,OV,PRAD,THCA",5,"LDHA, LDHAL6A, LDHAL6B, LDHB, LDHC","ENSG00000111716, ENSG00000134333, ENSG00000166796, ENSG00000166800, ENSG00000171989",120.0,201.0,110.0,9.0,1.0,1.0,1.0,34.0,2.0,2.0,0.0,2.0,52.20379855888553,0.0,0.0,207.0,0.3152089630662908,0.0,1.0,0.0,25,0,"LUAD,OV,PRAD,THCA",25,0.1095875272808154,0,0,"LUAD,OV,PRAD,THCA",1,0,1,0,1,0,0,2,1,3,"(S)-Lactate:NAD+ oxidoreductase | LDHA, LDHAL6A...",323.4580965380215
MAR00640,Acetyl-CoA:choline O-acetyltransferase,Glycerophospholipid metabolism,Cancer-specific,XGBoost,2,"COAD,STAD",1,CHAT,ENSG00000070748,0.0,0.0,0.0,0.0,0.0,0.0,0.0,0.0,9.0,9.0,8.0,10.0,2.320168824839357,0.0,0.0,22.0,0.2400938655594958,0.0,0.0,0.0,0,0,,3,0.0284011852218118,0,0,"COAD,STAD",0,0,1,0,1,1,0,1,2,3,Acetyl-CoA:choline O-acetyltr... | CHAT,312.29722457733624
MAR04582,L-Arginine:glycine amidinotransferase,"Glycine, serine and threonine metabolism",Cancer-specific,XGBoost,3,"ACC,KIRP,OV",1,GATM,ENSG00000171766,2.0,2.0,1.0,0.0,1.0,1.0,1.0,1.0,15.0,15.0,6.0,0.0,3.480253237259035,0.0,0.0,26.0,0.0805478761071158,0.0,0.0,0.0,0,0,,3,0.0402636719464833,0,0,"KIRP,OV",0,0,1,0,1,1,0,1,2,3,L-Arginine:glycine amidinotra... | GATM,312.09591014905527
MAR03215,(R)-Methylmalonyl-CoA CoA-carbonylmutase,"Valine, leucine, and isoleucine metabolism",Cancer-specific,GNN,3,"KIRC,KIRP,THCA",1,MMUT,ENSG00000146085,0.0,0.0,0.0,0.0,0.0,0.0,0.0,0.0,1.0,1.0,1.0,0.0,26.10189927944276,0.0,0.0,45.0,0.1025399643812278,0.0,0.0,0.0,0,0,,2,0.0512042496851146,0,0,"KIRC,KIRP,THCA",0,0,1,0,1,1,0,1,2,3,(R)-Methylmalonyl-CoA CoA-car... | MMUT,310.8431471805599
MAR03763,(S)-Methylmalonyl-CoA hydrolase,"Valine, leucine, and isoleucine metabolism",Cancer-specific,Both,2,"KIRC,KIRP",1,ALDH6A1,ENSG00000119711,6.0,8.0,6.0,0.0,0.0,0.0,0.0,3.0,0.0,0.0,0.0,0.0,0.0,0.0,0.0,51.0,0.0716984918088321,0.0,0.0,0.0,4,0,"KIRC,KIRP",6,0.0601906813444765,0,0,"KIRC,KIRP",1,0,1,0,0,0,0,2,0,2,(S)-Methylmalonyl-CoA hydrolase | ALDH6A1,221.70943791243408
MAR04603,Deoxyguanosine:orthophosphate ribosyltransferase,Purine metabolism,Cancer-specific,GNN,4,"LIHC,LUAD,LUSC,OV",1,PNP,ENSG00000198805,0.0,0.0,0.0,0.0,0.0,0.0,0.0,0.0,6.0,5.0,0.0,2.0,34.80253237259035,0.0,0.0,41.0,0.3839800204171375,2.0,3.0,2.0,0,0,,3,0.0216354860773948,0,0,"LIHC,LUAD,LUSC,OV",0,0,1,0,1,0,0,1,1,2,Deoxyguanosine:orthophosphate... | PNP,210.2
MAR04583,S-Adenosyl-L-methionine:guanidinoacetate N-methyltransferase,Arginine and proline metabolism,Cancer-specific,XGBoost,3,"ACC,KIRP,OV",1,GAMT,ENSG00000130005,1.0,1.0,1.0,0.0,0.0,0.0,0.0,1.0,1.0,1.0,0.0,0.0,52.20379855888553,0.0,0.0,36.0,0.0739159709369403,0.0,0.0,0.0,0,0,,2,0.0739159709369403,0,0,KIRP,0,0,1,0,1,0,0,1,1,2,S-Adenosyl-L-methionine:guani... | GAMT,210.15
MAR03807,L-Ornithine:2-oxo-acid aminotransferase,Arginine and proline metabolism,Cancer-specific,XGBoost,3,"ACC,BLCA,THCA",1,OAT,ENSG00000065154,6.0,6.0,4.0,2.0,0.0,0.0,0.0,4.0,1.0,1.0,0.0,1.0,104.407597117771,1.0,1.0,5.0,0.0997545460495311,0.0,0.0,0.0,0,0,,0,0.0,0,0,,0,0,0,0,1,0,1,0,2,2,L-Ornithine:2-oxo-acid aminot... | OAT,200.15
MAR04175,glutathione gamma-glutamylaminopeptidase,Glutathione metabolism,Cancer-specific,XGBoost,1,OV,6,"GGT1, GGT5, GGT6, GGT7, GGTLC2, GGTLC3","ENSG00000099998, ENSG00000100031, ENSG00000100121, ENSG00000131067, ENSG00000167741, ENSG00000274252",0.0,0.0,0.0,0.0,0.0,0.0,0.0,0.0,0.0,0.0,0.0,0.0,0.0,0.0,0.0,0.0,0.0,0.0,0.0,0.0,4,0,OV,0,0.0,0,0,,1,0,0,0,0,0,0,1,0,1,"Glutathione | GGT1, GGT5, GGT...",111.6594379124341
MAR04600,ATP:deoxyguanosine 5'-phosphotransferase,Purine metabolism,Cancer-specific,GNN,4,"LIHC,LUSC,OV,TGCT",1,DGUOK,ENSG00000114956,0.0,0.0,0.0,0.0,0.0,0.0,0.0,0.0,0.0,0.0,0.0,0.0,0.0,0.0,0.0,0.0,0.0,0.0,0.0,0.0,3,0,LUSC,0,0.0,0,0,,1,0,0,0,0,0,0,1,0,1,ATP:deoxyguanosine 5'-phospho... | DGUOK,111.5862943611199
MAR04040,IMP:NAD+ oxidoreductase,Purine metabolism,Cancer-specific,XGBoost,1,KIRP,2,"IMPDH1, IMPDH2","ENSG00000106348, ENSG00000178035",0.0,0.0,0.0,0.0,0.0,0.0,0.0,0.0,0.0,0.0,0.0,0.0,0.0,0.0,0.0,0.0,0.0,0.0,0.0,0.0,3,0,KIRP,0,0.0,0,0,,1,0,0,0,0,0,0,1,0,1,"IMP:NAD+ oxidoreductase | IMPDH1, IMPDH2",111.43629436111988
MAR04046,Xanthosine-5'-phosphate:L-glutamine amido-ligase (AMP-forming),Purine metabolism,Cancer-specific,XGBoost,3,"LUAD,LUSC,OV",1,GMPS,ENSG00000163655,0.0,0.0,0.0,0.0,0.0,0.0,0.0,0.0,0.0,0.0,0.0,0.0,0.0,0.0,0.0,0.0,0.0,0.0,0.0,0.0,1,0,OV,0,0.0,0,0,,1,0,0,0,0,0,0,1,0,1,Xanthosine-5'-phosphate:L-glu... | GMPS,110.84314718055997
MAR03899,L-Alanine:2-oxoglutarate aminotransferase,"Alanine, aspartate and glutamate metabolism",Cancer-specific,GNN,2,"ACC,COAD",1,GPT,ENSG00000167701,0.0,0.0,0.0,0.0,0.0,0.0,0.0,0.0,0.0,0.0,0.0,0.0,0.0,0.0,0.0,0.0,0.0,0.0,0.0,0.0,1,0,COAD,0,0.0,0,0,,1,0,0,0,0,0,0,1,0,1,L-Alanine:2-oxoglutarate amin... | GPT,110.79314718055994
MAR00667,"1,2-diacyl-sn-glycerol acylhydrolase",Acylglycerides metabolism,Cancer-specific,GNN,1,KIRP,15,"AADAC, CEL, DAGLA, DAGLB, LIPC, LIPE, LIPF, LIPG, PNLIP, PNLIPRP1, PNLIPRP2, PNLIPRP3, PNPLA2, PNPLA3, PNPLA4","ENSG00000006757, ENSG00000079435, ENSG00000100344, ENSG00000101670, ENSG00000114771, ENSG00000134780, ENSG00000164535, ENSG00000166035, ENSG00000170835, ENSG00000175535, ENSG00000177666, ENSG00000182333, ENSG00000187021, ENSG00000203837, ENSG00000266200",0.0,0.0,0.0,0.0,0.0,0.0,0.0,0.0,0.0,0.0,0.0,0.0,0.0,0.0,0.0,0.0,0.0,0.0,0.0,0.0,1,0,KIRP,0,0.0,0,0,,1,0,0,0,0,0,0,1,0,1,"1,2-diacyl-sn-glycerol acylhy... | AADAC, CEL, DAG...",110.74314718055994
MAR00679,1-acylglycerol acylhydrolase,Acylglycerides metabolism,Cancer-specific,GNN,1,KIRP,3,"ABHD12, ABHD6, MGLL","ENSG00000074416, ENSG00000100997, ENSG00000163686",0.0,0.0,0.0,0.0,0.0,0.0,0.0,0.0,0.0,0.0,0.0,0.0,0.0,0.0,0.0,0.0,0.0,0.0,0.0,0.0,1,0,KIRP,0,0.0,0,0,,1,0,0,0,0,0,0,1,0,1,"1-acylglycerol acylhydrolase | ABHD12, ABHD6...",110.74314718055994
MAR06782,MAR06782,"Phenylalanine, tyrosine and tryptophan biosynthesis",Cancer-specific,GNN,4,"BLCA,KIRC,LIHC,PRAD",0,,,0.0,0.0,0.0,0.0,0.0,0.0,0.0,0.0,0.0,0.0,0.0,0.0,0.0,0.0,0.0,0.0,0.0,0.0,0.0,0.0,0,0,,0,0.0,0,0,,0,0,0,0,0,0,0,0,0,0,MAR06782 | gene not mapped,0.2
MAR06783,3-(4-hydroxyphenyl)lactate hydro-lyase (4-coumarate-forming),"Phenylalanine, tyrosine and tryptophan biosynthesis",Cancer-specific,GNN,4,"BLCA,KIRC,LIHC,PRAD",0,,,0.0,0.0,0.0,0.0,0.0,0.0,0.0,0.0,0.0,0.0,0.0,0.0,0.0,0.0,0.0,0.0,0.0,0.0,0.0,0.0,0,0,,0,0.0,0,0,,0,0,0,0,0,0,0,0,0,0,3-(4-hydroxyphenyl)lactate hy... | gene not mapped,0.2
MAR04476,ATP:D-gluconate 6-phosphotransferase,Pentose phosphate pathway,Cancer-specific,GNN,3,"BLCA,PAAD,TGCT",1,IDNK,ENSG00000148057,0.0,0.0,0.0,0.0,0.0,0.0,0.0,0.0,0.0,0.0,0.0,0.0,0.0,0.0,0.0,15.0,0.0524803393652276,0.0,0.0,0.0,0,0,,0,0.0,0,0,,0,0,0,0,0,0,0,0,0,0,ATP:D-gluconate 6-phosphotran... | IDNK,0.15
MAR07573,MAR07573,Heparan sulfate degradation,Cancer-specific,GNN,3,"LUAD,LUSC,OV",1,GUSB,ENSG00000169919,0.0,0.0,0.0,0.0,0.0,0.0,0.0,0.0,0.0,0.0,0.0,0.0,0.0,0.0,0.0,0.0,0.0,0.0,0.0,0.0,0,0,,0,0.0,0,0,,0,0,0,0,0,0,0,0,0,0,MAR07573 | GUSB,0.15
MAR04575,(S)-dihydroorotate:NAD+ oxidoreductase,Pyrimidine metabolism,Cancer-specific,GNN,2,"LIHC,PAAD",1,DHODH,ENSG00000102967,0.0,0.0,0.0,0.0,0.0,0.0,0.0,0.0,0.0,0.0,0.0,0.0,0.0,0.0,0.0,0.0,0.0,0.0,0.0,0.0,0,0,,0,0.0,0,0,,0,0,0,0,0,0,0,0,0,0,(S)-dihydroorotate:NAD+ oxido... | DHODH,0.1
MAR05127,MAR05127,Miscellaneous,Cancer-specific,GNN,2,"KIRC,KIRP",0,,,0.0,0.0,0.0,0.0,0.0,0.0,0.0,0.0,0.0,0.0,0.0,0.0,0.0,0.0,0.0,0.0,0.0,0.0,0.0,0.0,0,0,,0,0.0,0,0,,0,0,0,0,0,0,0,0,0,0,MAR05127 | gene not mapped,0.1
MAR04328,L-cysteinylglycine dipeptidase,Glutathione metabolism,Cancer-specific,XGBoost,1,OV,3,"ANPEP, LAP3, NPEPPS","ENSG00000002549, ENSG00000141279, ENSG00000166825",0.0,0.0,0.0,0.0,0.0,0.0,0.0,0.0,0.0,0.0,0.0,0.0,0.0,0.0,0.0,0.0,0.0,0.0,0.0,0.0,0,0,,0,0.0,0,0,,0,0,0,0,0,0,0,0,0,0,"L-cysteinylglycine dipeptidase | ANPEP, LAP3, NP...",0.05
MAR04470,"5,6-dihydrothymine:NAD+ oxidoreductase",Pyrimidine metabolism,Cancer-specific,GNN,1,KIRC,1,DPYD,ENSG00000188641,0.0,0.0,0.0,0.0,0.0,0.0,0.0,0.0,0.0,0.0,0.0,0.0,0.0,0.0,0.0,0.0,0.0,0.0,0.0,0.0,0,0,,0,0.0,0,0,,0,0,0,0,0,0,0,0,0,0,"5,6-dihydrothymine:NAD+ oxido... | DPYD",0.05
MAR04472,"5,6-Dihydrothymine:NADP+ oxidoreductase",Pyrimidine metabolism,Cancer-specific,GNN,1,KIRC,1,DPYD,ENSG00000188641,0.0,0.0,0.0,0.0,0.0,0.0,0.0,0.0,0.0,0.0,0.0,0.0,0.0,0.0,0.0,0.0,0.0,0.0,0.0,0.0,0,0,,0,0.0,0,0,,0,0,0,0,0,0,0,0,0,0,"5,6-Dihydrothymine:NADP+ oxid... | DPYD",0.05
MAR04589,isocitrate hydro-lyase (cis-aconitate-forming),Tricarboxylic acid cycle and glyoxylate/dicarboxylate metabolism,Cancer-specific,GNN,1,PRAD,1,ACO2,ENSG00000100412,0.0,0.0,0.0,0.0,0.0,0.0,0.0,0.0,0.0,0.0,0.0,0.0,0.0,0.0,0.0,0.0,0.0,0.0,0.0,0.0,0,0,,0,0.0,0,0,,0,0,0,0,0,0,0,0,0,0,isocitrate hydro-lyase (cis-a... | ACO2,0.05
MAR04736,"(R)-5,6-dihydrothymine amidohydrolase",Pyrimidine metabolism,Cancer-specific,XGBoost,1,THCA,1,DPYS,ENSG00000147647,0.0,0.0,0.0,0.0,0.0,0.0,0.0,0.0,0.0,0.0,0.0,0.0,0.0,0.0,0.0,0.0,0.0,0.0,0.0,0.0,0,0,,0,0.0,0,0,,0,0,0,0,0,0,0,0,0,0,"(R)-5,6-dihydrothymine amidoh... | DPYS",0.05
MAR04819,(R)-3-ureidoisobutyrate amidohydrolase,Pyrimidine metabolism,Cancer-specific,XGBoost,1,THCA,1,UPB1,ENSG00000100024,0.0,0.0,0.0,0.0,0.0,0.0,0.0,0.0,0.0,0.0,0.0,0.0,0.0,0.0,0.0,0.0,0.0,0.0,0.0,0.0,0,0,,0,0.0,0,0,,0,0,0,0,0,0,0,0,0,0,(R)-3-ureidoisobutyrate amido... | UPB1,0.05
MAR06627,MAR06627,Pyrimidine metabolism,Cancer-specific,GNN,1,ACC,2,"PKLR, PKM","ENSG00000067225, ENSG00000143627",0.0,0.0,0.0,0.0,0.0,0.0,0.0,0.0,0.0,0.0,0.0,0.0,0.0,0.0,0.0,0.0,0.0,0.0,0.0,0.0,0,0,,0,0.0,0,0,,0,0,0,0,0,0,0,0,0,0,"MAR06627 | PKLR, PKM",0.05
MAR07142,NAD+ glycohydrolase,Nicotinate and nicotinamide metabolism,Cancer-specific,XGBoost,1,ACC,2,"BST1, CD38","ENSG00000004468, ENSG00000109743",0.0,0.0,0.0,0.0,0.0,0.0,0.0,0.0,0.0,0.0,0.0,0.0,0.0,0.0,0.0,0.0,0.0,0.0,0.0,0.0,0,0,,0,0.0,0,0,,0,0,0,0,0,0,0,0,0,0,"NAD+ glycohydrolase | BST1, CD38",0.05
MAR07144,ADP-ribose ribophosphohydrolase,Purine metabolism,Cancer-specific,XGBoost,1,ACC,3,"ADPRM, NUDT5, NUDT9","ENSG00000165609, ENSG00000170222, ENSG00000170502",0.0,0.0,0.0,0.0,0.0,0.0,0.0,0.0,0.0,0.0,0.0,0.0,0.0,0.0,0.0,0.0,0.0,0.0,0.0,0.0,0,0,,0,0.0,0,0,,0,0,0,0,0,0,0,0,0,0,"ADP-ribose ribophosphohydrolase | ADPRM, NUDT5, N...",0.05
MAR00455,Carnitine Transferase,Fatty acid oxidation,Cancer-specific,XGBoost,0,,1,CPT2,ENSG00000157184,0.0,0.0,0.0,0.0,0.0,0.0,0.0,0.0,0.0,0.0,0.0,0.0,0.0,0.0,0.0,0.0,0.0,0.0,0.0,0.0,0,0,,0,0.0,0,0,,0,0,0,0,0,0,0,0,0,0,Carnitine Transferase | CPT,0.0
MAR02146,(S)-Methylmalonyl Coenzyme A Hydrolase,"Valine, leucine, and isoleucine metabolism",Cancer-specific,GNN,0,,0,,,0.0,0.0,0.0,0.0,0.0,0.0,0.0,0.0,0.0,0.0,0.0,0.0,0.0,0.0,0.0,0.0,0.0,0.0,0.0,0.0,0,0,,0,0.0,0,0,,0,0,0,0,0,0,0,0,0,0,(S)-Methylmalonyl Coenzyme A... | gene not mapped,0.0
MAR03116,MAR03116,Beta oxidation of even-chain fatty acids (mitochondrial),Cancer-specific,XGBoost,0,,1,HADHA,ENSG00000084754,0.0,0.0,0.0,0.0,0.0,0.0,0.0,0.0,0.0,0.0,0.0,0.0,0.0,0.0,0.0,0.0,0.0,0.0,0.0,0.0,0,0,,0,0.0,0,0,,0,0,0,0,0,0,0,0,0,0,MAR03116 | HADHA,0.0
MAR03117,MAR03117,Beta oxidation of even-chain fatty acids (mitochondrial),Cancer-specific,XGBoost,0,,3,"HADH, HADHA, HSD17B10","ENSG00000072506, ENSG00000084754, ENSG00000138796",0.0,0.0,0.0,0.0,0.0,0.0,0.0,0.0,0.0,0.0,0.0,0.0,0.0,0.0,0.0,0.0,0.0,0.0,0.0,0.0,0,0,,0,0.0,0,0,,0,0,0,0,0,0,0,0,0,0,"MAR03117 | HADH, HADHA, HS...",0.0
MAR04377,"D-Fructose-1,6-bisphosphate 1-phosphohydrolase",Glycolysis / Gluconeogenesis,Cancer-specific,GNN,0,,2,"FBP1, FBP2","ENSG00000130957, ENSG00000165140",0.0,0.0,0.0,0.0,0.0,0.0,0.0,0.0,0.0,0.0,0.0,0.0,0.0,0.0,0.0,0.0,0.0,0.0,0.0,0.0,0,0,,0,0.0,0,0,,0,0,0,0,0,0,0,0,0,0,"D-Fructose-1,6-bisphosphate 1... | FBP1, FBP2",0.0
MAR07800,MAR07800,Nucleotide metabolism,Cancer-specific,GNN,0,,1,AK5,ENSG00000154027,0.0,0.0,0.0,0.0,0.0,0.0,0.0,0.0,0.0,0.0,0.0,0.0,0.0,0.0,0.0,0.0,0.0,0.0,0.0,0.0,0,0,,0,0.0,0,0,,0,0,0,0,0,0,0,0,0,0,MAR07800 | AK5,0.0
MAR10037,cholesterol-ester pool formation and breakdown,Pool reactions,Cancer-specific,GNN,0,,0,,,0.0,0.0,0.0,0.0,0.0,0.0,0.0,0.0,0.0,0.0,0.0,0.0,0.0,0.0,0.0,0.0,0.0,0.0,0.0,0.0,0,0,,0,0.0,0,0,,0,0,0,0,0,0,0,0,0,0,cholesterol-ester pool format... | gene not mapped,0.0
MAR04363,2-phospho-D-glycerate hydro-lyase (phosphoenolpyruvate-forming),Glycolysis / Gluconeogenesis,Global-core,GNN,10,"ACC,COAD,KIRC,LIHC,LUAD,LUSC,OV,PAAD,STAD,TGCT",3,"ENO1, ENO2, ENO3","ENSG00000074800, ENSG00000108515, ENSG00000111674",154.0,260.0,109.0,32.0,13.0,13.0,7.0,31.0,24.0,24.0,13.0,8.0,2.48589516947074,0.0,0.0,190.0,0.1738238885093204,0.0,0.0,0.0,84,12,"COAD,KIRC,LIHC,LUAD,LUSC,OV,PAAD,STAD",45,0.1182655534991045,0,0,"COAD,KIRC,LIHC,LUAD,LUSC,OV,PAAD,STAD",1,1,1,0,1,1,0,3,2,5,ENO glycolysis | ENO,537.5817085861056
MAR00237,MAR00237,Fatty acid activation (cytosolic),Global-core,XGBoost,10,"BLCA,COAD,KIRP,LIHC,LUAD,LUSC,OV,PAAD,STAD,TGCT",8,"ACSBG1, ACSBG2, ACSL1, ACSL3, ACSL4, ACSL5, ACSL6, SLC27A2","ENSG00000068366, ENSG00000103740, ENSG00000123983, ENSG00000130377, ENSG00000140284, ENSG00000151726, ENSG00000164398, ENSG00000197142",89.0,138.0,79.0,5.0,5.0,5.0,4.0,11.0,15.0,15.0,0.0,0.0,26.10189927944276,0.0,0.0,625.0,0.3695798546847018,0.0,0.0,0.0,54,3,"BLCA,COAD,KIRP,LIHC,LUAD,LUSC,OV,PAAD,STAD",136,0.2117839569173528,0,0,"BLCA,COAD,KIRP,LIHC,LUAD,LUSC,OV,PAAD,STAD",1,1,1,0,1,0,0,3,1,4,"MAR00237 | ACSBG, ACSL, SLC27",434.5073331852325
MAR04368,ATP:3-phospho-D-glycerate 1-phosphotransferase,Glycolysis / Gluconeogenesis,Global-core,Both,11,"ACC,BLCA,COAD,KIRC,LIHC,LUAD,LUSC,OV,PAAD,PRAD,STAD",3,"CRISP3, PGK1, PGK2","ENSG00000096006, ENSG00000102144, ENSG00000170950",59.0,98.0,45.0,12.0,2.0,2.0,1.0,23.0,1.0,1.0,1.0,0.0,2.175158273286897,0.0,0.0,147.0,0.114884476333669,0.0,0.0,0.0,27,0,"KIRC,LIHC,LUAD,LUSC,OV,PAAD,PRAD,STAD",41,0.1062192841535521,0,0,"BLCA,COAD,KIRC,LIHC,LUAD,LUSC,OV,PAAD,PRAD,STAD",1,0,1,0,1,1,0,2,2,4,"PGK glycolysis | CRISP3, PGK",424.5753516907352
MAR04365,"D-phosphoglycerate 2,3-phosphomutase",Glycolysis / Gluconeogenesis,Global-core,GNN,10,"ACC,COAD,KIRC,LIHC,LUAD,LUSC,OV,PAAD,STAD,TGCT",4,"BPGM, PGAM1, PGAM2, PGAM4","ENSG00000164708, ENSG00000171314, ENSG00000172331, ENSG00000226784",29.0,35.0,25.0,4.0,0.0,0.0,0.0,12.0,7.0,7.0,1.0,0.0,7.457685508412219,0.0,0.0,151.0,0.2686264420036922,0.0,0.0,0.0,16,0,"LIHC,LUAD,OV,PAAD,STAD",38,0.1036274711051344,0,0,"ACC,COAD,KIRC,LIHC,LUAD,LUSC,OV,PAAD,STAD",1,0,1,0,1,1,0,2,2,4,"PGAM/BPGM | BPGM, PGAM",424.02636052461617
MAR07672,biotin-carboxyl-carrier-protein:carbon-dioxide ligase (ADP-forming),Fatty acid biosynthesis (even-chain),Global-core,Both,10,"BLCA,COAD,KIRC,LIHC,LUAD,LUSC,OV,PAAD,STAD,TGCT",1,ACACA,ENSG00000278540,25.0,33.0,24.0,1.0,0.0,0.0,0.0,13.0,23.0,23.0,0.0,0.0,2.269730372125457,1.0,1.0,89.0,0.2480127780490152,0.0,4.0,0.0,13,0,"BLCA,COAD,KIRC,LIHC,PAAD",22,0.1182655534991045,0,0,"BLCA,COAD,KIRC,LIHC,LUAD,LUSC,OV,PAAD,STAD,TGCT",1,0,1,0,1,0,1,2,2,4,ACACA carboxylase I | ACACA,423.1390573296152
MAR07673,carboxybiotin-carboxyl-carrier-protein:acetyl-CoA carboxytransferase,Fatty acid biosynthesis (even-chain),Global-core,Both,10,"BLCA,COAD,KIRC,LIHC,LUAD,LUSC,OV,PAAD,STAD,TGCT",1,ACACA,ENSG00000278540,25.0,33.0,24.0,1.0,0.0,0.0,0.0,13.0,23.0,23.0,0.0,0.0,2.269730372125457,1.0,1.0,89.0,0.2480127780490152,0.0,4.0,0.0,13,0,"BLCA,COAD,KIRC,LIHC,PAAD",22,0.1182655534991045,0,0,"BLCA,COAD,KIRC,LIHC,LUAD,LUSC,OV,PAAD,STAD,TGCT",1,0,1,0,1,0,1,2,2,4,ACACA carboxylase II | ACACA,423.1390573296152
MAR03839,3-Phospho-D-glycerate:NAD+ 2-oxidoreductase,"Glycine, serine and threonine metabolism",Global-core,GNN,11,"BLCA,COAD,KIRC,LIHC,LUAD,LUSC,OV,PAAD,PRAD,STAD,TGCT",2,"PHGDH, UBAC2","ENSG00000092621, ENSG00000134882",53.0,84.0,43.0,7.0,3.0,3.0,2.0,22.0,0.0,0.0,0.0,0.0,0.0,0.0,0.0,104.0,0.3268274429888264,0.0,0.0,0.0,22,1,"COAD,KIRC,LUAD,LUSC,OV,PAAD,STAD",29,0.1142490853711916,0,0,"BLCA,COAD,KIRC,LIHC,LUAD,LUSC,OV,PAAD,PRAD,STAD",1,1,1,0,0,0,0,3,0,3,"PHGDH serine axis | PHGDH, UBAC2",333.6854942159292
MAR04209,MAR04209,Tricarboxylic acid cycle and glyoxylate/dicarboxylate metabolism,Global-core,GNN,10,"BLCA,COAD,LIHC,LUAD,LUSC,OV,PAAD,PRAD,STAD,TGCT",2,"DHTKD1, OGDH","ENSG00000105953, ENSG00000181192",2.0,2.0,1.0,1.0,0.0,0.0,0.0,2.0,2.0,2.0,1.0,1.0,3.262737409930345,0.0,0.0,142.0,0.1123772127880681,0.0,0.0,0.0,0,0,,32,0.0715605969757942,0,0,"BLCA,COAD,LIHC,LUAD,LUSC,OV,PAAD,PRAD,STAD",0,0,1,0,1,1,0,1,2,3,"MAR04209 | DHTKD1, OGDH",311.19314718055995
MAR06413,MAR06413,Tricarboxylic acid cycle and glyoxylate/dicarboxylate metabolism,Global-core,GNN,10,"BLCA,COAD,LIHC,LUAD,LUSC,OV,PAAD,PRAD,STAD,TGCT",2,"DHTKD1, OGDH","ENSG00000105953, ENSG00000181192",2.0,2.0,1.0,1.0,0.0,0.0,0.0,2.0,2.0,2.0,1.0,1.0,3.262737409930345,0.0,0.0,142.0,0.1123772127880681,0.0,0.0,0.0,0,0,,32,0.0715605969757942,0,0,"BLCA,COAD,LIHC,LUAD,LUSC,OV,PAAD,PRAD,STAD",0,0,1,0,1,1,0,1,2,3,"MAR06413 | DHTKD1, OGDH",311.19314718055995
MAR02205,MAR02205,Fatty acid elongation (even-chain),Global-core,XGBoost,10,"BLCA,COAD,KIRC,LIHC,LUAD,LUSC,OV,PAAD,STAD,TGCT",7,"ELOVL1, ELOVL2, ELOVL3, ELOVL4, ELOVL5, ELOVL6, ELOVL7","ENSG00000012660, ENSG00000066322, ENSG00000118402, ENSG00000119915, ENSG00000164181, ENSG00000170522, ENSG00000197977",32.0,35.0,31.0,1.0,0.0,0.0,0.0,9.0,0.0,0.0,0.0,0.0,0.0,0.0,0.0,222.0,0.3052891198537851,0.0,0.0,0.0,17,0,"KIRC,LIHC,LUAD,LUSC",63,0.2805850931632311,0,0,"BLCA,COAD,KIRC,LIHC,LUAD,LUSC,OV,PAAD,STAD,TGCT",1,0,1,0,0,0,0,2,0,2,MAR02205 | ELOVL,223.39037175789616
MAR04373,D-glyceraldehyde-3-phosphate:NAD+ oxidoreductase (phosphorylating),Glycolysis / Gluconeogenesis,Global-core,GNN,11,"ACC,COAD,KIRC,KIRP,LIHC,LUAD,LUSC,OV,PAAD,PRAD,TGCT",2,"GAPDH, GAPDHS","ENSG00000105679, ENSG00000111640",0.0,0.0,0.0,0.0,0.0,0.0,0.0,0.0,0.0,0.0,0.0,0.0,0.0,0.0,0.0,0.0,0.0,0.0,0.0,0.0,16,0,"COAD,KIRC,KIRP,LIHC,LUAD,LUSC,OV",0,0.0,0,0,,1,0,0,0,0,0,0,1,0,1,"GAPDH | GAPDH, GAPDHS",113.38321334405622
MAR00579,acyl-CoA:sn-glycerol-3-phosphate 1-O-acyltransferase,Glycerophospholipid metabolism,Global-core,XGBoost,10,"BLCA,COAD,KIRC,LIHC,LUAD,LUSC,OV,PAAD,STAD,TGCT",4,"GPAM, GPAT2, GPAT3, GPAT4","ENSG00000119927, ENSG00000138678, ENSG00000158669, ENSG00000186281",0.0,0.0,0.0,0.0,0.0,0.0,0.0,0.0,0.0,0.0,0.0,0.0,0.0,0.0,0.0,0.0,0.0,0.0,0.0,0.0,7,0,"KIRC,LIHC,OV",0,0.0,0,0,,1,0,0,0,0,0,0,1,0,1,"acyl-CoA:sn-glycerol-3-phosph... | GPAM, GPAT2, GP...",112.57944154167984
MAR05149,L-Tryptophan -tRNA(Trp) ligase (AMP-forming),Aminoacyl-tRNA biosynthesis,Global-core,GNN,10,"BLCA,COAD,KIRC,LIHC,LUAD,LUSC,OV,PAAD,STAD,TGCT",1,WARS1,ENSG00000140105,0.0,0.0,0.0,0.0,0.0,0.0,0.0,0.0,0.0,0.0,0.0,0.0,0.0,0.0,0.0,0.0,0.0,0.0,0.0,0.0,6,0,"COAD,LIHC,STAD",0,0.0,0,0,,1,0,0,0,0,0,0,1,0,1,L-Tryptophan -tRNA(Trp) ligas... | WARS1,112.44591014905532
MAR04652,succinate:quinone oxidoreductase,Tricarboxylic acid cycle and glyoxylate/dicarboxylate metabolism,Global-core,XGBoost,10,"BLCA,COAD,LIHC,LUAD,LUSC,OV,PAAD,PRAD,STAD,TGCT",4,"SDHA, SDHB, SDHC, SDHD","ENSG00000073578, ENSG00000117118, ENSG00000143252, ENSG00000204370",0.0,0.0,0.0,0.0,0.0,0.0,0.0,0.0,0.0,0.0,0.0,0.0,0.0,0.0,0.0,0.0,0.0,0.0,0.0,0.0,5,0,LIHC,0,0.0,0,0,,1,0,0,0,0,0,0,1,0,1,"succinate:quinone oxidoreductase | SDHA, SDHB, SDH...",112.29175946922804
MAR02208,MAR02208,Fatty acid elongation (even-chain),Global-core,XGBoost,10,"BLCA,COAD,KIRC,LIHC,LUAD,LUSC,OV,PAAD,STAD,TGCT",1,HSD17B12,ENSG00000149084,0.0,0.0,0.0,0.0,0.0,0.0,0.0,0.0,0.0,0.0,0.0,0.0,0.0,0.0,0.0,0.0,0.0,0.0,0.0,0.0,1,0,OV,0,0.0,0,0,,1,0,0,0,0,0,0,1,0,1,MAR02208 | HSD17B12,111.19314718055996
MAR00586,CDP-diacylglycerol:phosphatidylglycerol 3-phosphatidyltransferase,Glycerophospholipid metabolism,Global-core,XGBoost,10,"BLCA,COAD,KIRC,LIHC,LUAD,LUSC,OV,PAAD,STAD,TGCT",1,CRLS1,ENSG00000088766,0.0,0.0,0.0,0.0,0.0,0.0,0.0,0.0,0.0,0.0,0.0,0.0,0.0,0.0,0.0,0.0,0.0,0.0,0.0,0.0,0,0,,0,0.0,0,0,,0,0,0,0,0,0,0,0,0,0,CDP-diacylglycerol:phosphatid... | CRLS1,0.5
MAR05137,L-glutamate:tRNA(Glu) ligase (AMP-forming),Aminoacyl-tRNA biosynthesis,Global-core,GNN,10,"BLCA,COAD,KIRC,LIHC,LUAD,LUSC,OV,PAAD,STAD,TGCT",1,EPRS1,ENSG00000136628,0.0,0.0,0.0,0.0,0.0,0.0,0.0,0.0,0.0,0.0,0.0,0.0,0.0,0.0,0.0,0.0,0.0,0.0,0.0,0.0,0,0,,0,0.0,0,0,,0,0,0,0,0,0,0,0,0,0,L-glutamate:tRNA(Glu) ligase... | EPRS1,0.5
MAR06414,succinyl-CoA:enzyme N6-(dihydrolipoyl)lysine S-succinyltransferase,Tricarboxylic acid cycle and glyoxylate/dicarboxylate metabolism,Global-core,GNN,10,"BLCA,COAD,LIHC,LUAD,LUSC,OV,PAAD,PRAD,STAD,TGCT",1,DLST,ENSG00000119689,0.0,0.0,0.0,0.0,0.0,0.0,0.0,0.0,0.0,0.0,0.0,0.0,0.0,0.0,0.0,0.0,0.0,0.0,0.0,0.0,0,0,,0,0.0,0,0,,0,0,0,0,0,0,0,0,0,0,succinyl-CoA:enzyme N6-(dihyd... | DLST,0.5
MAR08566,MAR08566,Tryptophan metabolism,Regional,GNN,7,"ACC,BLCA,COAD,KIRP,PRAD,STAD,THCA",4,"CYP1A1, CYP1A2, CYP1B1, CYP2C19","ENSG00000138061, ENSG00000140465, ENSG00000140505, ENSG00000165841",179.0,282.0,41.0,6.0,4.0,4.0,2.0,35.0,1140.0,1139.0,528.0,153.0,3.163866579326396,43.0,43.0,216.0,0.5439129376544397,0.0,0.0,0.0,38,2,"BLCA,COAD,KIRP,PRAD,STAD,THCA",35,0.1034840705716967,0,0,"BLCA,COAD,KIRP,PRAD,STAD,THCA",1,1,1,0,1,1,1,3,3,6,CYP tryptophan | CYP,640.284550077988
MAR00146,Stearoyl Coenzyme A Desaturase (N-C18:0CoA -> N-C18:1CoA),Fatty acid biosynthesis,Regional,XGBoost,8,"BLCA,KIRC,LIHC,LUAD,LUSC,OV,PAAD,TGCT",1,SCD,ENSG00000099194,68.0,131.0,54.0,1.0,11.0,11.0,4.0,26.0,7.0,7.0,4.0,4.0,7.457685508412219,2.0,2.0,32.0,0.1178511652687073,0.0,0.0,0.0,34,6,"BLCA,KIRC,LIHC,LUAD,LUSC,OV,PAAD",10,0.1034815133954318,0,0,"BLCA,KIRC,LIHC,LUAD,LUSC,OV",1,1,1,0,1,1,1,3,3,6,SCD | SCD,635.5647859739236
MAR02654,MAR02654,Carnitine shuttle (cytosolic),Regional,XGBoost,6,"LIHC,LUAD,LUSC,OV,PAAD,TGCT",3,"CPT1A, CPT1B, CPT1C","ENSG00000110090, ENSG00000169169, ENSG00000205560",36.0,48.0,32.0,3.0,1.0,1.0,1.0,14.0,47.0,47.0,30.0,1.0,4.015676812221964,1.0,1.0,150.0,0.155773072485968,0.0,2.0,0.0,7,0,"LIHC,OV",20,0.107271201706833,0,0,"LIHC,LUAD,LUSC,OV,PAAD",1,0,1,0,1,1,1,2,3,5,CPT1 carnitine shuttle | CPT,525.8134287461648
MAR02313,Long-Chain-Fatty-Acid---Coa Ligase,Fatty acid oxidation,Regional,XGBoost,6,"LIHC,LUAD,LUSC,OV,PAAD,TGCT",7,"ACSBG2, ACSL1, ACSL3, ACSL4, ACSL5, ACSL6, SLC27A2","ENSG00000068366, ENSG00000123983, ENSG00000130377, ENSG00000140284, ENSG00000151726, ENSG00000164398, ENSG00000197142",84.0,133.0,74.0,5.0,5.0,5.0,4.0,11.0,15.0,15.0,0.0,0.0,26.10189927944276,0.0,0.0,567.0,0.3695798546847018,0.0,0.0,0.0,33,3,"LIHC,LUAD,LUSC,OV,PAAD",61,0.2117839569173528,0,0,"LIHC,LUAD,LUSC,OV,PAAD",1,1,1,0,1,0,0,3,1,4,"Long-Chain-Fatty-Acid---Coa L... | ACSBG, ACSL, SLC27",433.8263605246162
MAR03958,Isocitrate:NADP+ oxidoreductase (decarboxylating),Tricarboxylic acid cycle and glyoxylate/dicarboxylate metabolism,Regional,GNN,6,"LUAD,LUSC,OV,PRAD,STAD,THCA",1,IDH2,ENSG00000182054,83.0,178.0,36.0,35.0,8.0,8.0,5.0,35.0,24.0,24.0,17.0,15.0,5.437895683217243,0.0,0.0,182.0,0.7138449093796811,4.0,4.0,4.0,9,0,"LUAD,LUSC,STAD",11,0.303246666275121,0,0,"LUAD,LUSC,PRAD,STAD,THCA",1,0,1,0,1,1,0,2,2,4,IDH2 TCA reaction | IDH2,425.4929568508902
MAR06918,MAR06918,Oxidative phosphorylation,Regional,XGBoost,8,"ACC,BLCA,LIHC,LUAD,LUSC,OV,PAAD,STAD",10,"CYC1, MT-CYB, UQCR10, UQCR11, UQCRB, UQCRC1, UQCRC2, UQCRFS1, UQCRH, UQCRQ","ENSG00000010256, ENSG00000127540, ENSG00000140740, ENSG00000156467, ENSG00000164405, ENSG00000169021, ENSG00000173660, ENSG00000179091, ENSG00000184076, ENSG00000198727",26.0,30.0,22.0,4.0,0.0,0.0,0.0,4.0,3.0,3.0,1.0,2.0,104.407597117771,0.0,0.0,340.0,0.4157773365202895,0.0,0.0,0.0,14,0,"LIHC,LUAD,LUSC,OV,PAAD",54,0.411926241218942,0,0,"ACC,BLCA,LIHC,LUAD,LUSC,OV,PAAD,STAD",1,0,1,0,1,1,0,2,2,4,"MAR06918 | CYC1, MT-CYB, U...",423.8011973816621
MAR04281,(S)-Lactate:NAD+ oxidoreductase,Glycolysis / Gluconeogenesis,Regional,XGBoost,5,"LUAD,LUSC,OV,PAAD,STAD",2,"LDHA, LDHB","ENSG00000111716, ENSG00000134333",110.0,185.0,100.0,9.0,1.0,1.0,1.0,34.0,2.0,2.0,0.0,2.0,52.20379855888553,0.0,0.0,143.0,0.1202204858611157,0.0,1.0,0.0,32,0,"LUAD,LUSC,OV,PAAD,STAD",16,0.1095875272808154,0,0,"LUAD,LUSC,OV,PAAD,STAD",1,0,1,0,1,0,0,2,1,3,"LDH lactate reaction | LDHA, LDHB",323.7465075614665
MAR00152,Fatty Acyl Coenzyme A Desaturase (N-C18:2CoA -> N-C18:3CoA),Fatty acid biosynthesis,Regional,XGBoost,9,"BLCA,COAD,LIHC,LUAD,LUSC,OV,PAAD,STAD,TGCT",2,"FADS1, FADS2","ENSG00000134824, ENSG00000149485",0.0,0.0,0.0,0.0,0.0,0.0,0.0,0.0,0.0,0.0,0.0,0.0,0.0,0.0,0.0,0.0,0.0,0.0,0.0,0.0,19,2,"BLCA,LUAD,LUSC,STAD,TGCT",0,0.0,0,0,,1,1,0,0,0,0,0,2,0,2,"Fatty Acyl Coenzyme A Desatur... | FADS1, FADS2",223.445732273554
MAR02201,MAR02201,Fatty acid elongation (even-chain),Regional,XGBoost,9,"BLCA,COAD,LIHC,LUAD,LUSC,OV,PAAD,STAD,TGCT",7,"ELOVL1, ELOVL2, ELOVL3, ELOVL4, ELOVL5, ELOVL6, ELOVL7","ENSG00000012660, ENSG00000066322, ENSG00000118402, ENSG00000119915, ENSG00000164181, ENSG00000170522, ENSG00000197977",32.0,35.0,31.0,1.0,0.0,0.0,0.0,9.0,0.0,0.0,0.0,0.0,0.0,0.0,0.0,222.0,0.3052891198537851,0.0,0.0,0.0,11,0,"LIHC,LUAD,LUSC",54,0.2805850931632311,0,0,"BLCA,COAD,LIHC,LUAD,LUSC,OV,PAAD,STAD,TGCT",1,0,1,0,0,0,0,2,0,2,MAR02201 | ELOVL,222.934906649788
MAR02211,MAR02211,Fatty acid elongation (even-chain),Regional,XGBoost,9,"BLCA,COAD,LIHC,LUAD,LUSC,OV,PAAD,STAD,TGCT",7,"ELOVL1, ELOVL2, ELOVL3, ELOVL4, ELOVL5, ELOVL6, ELOVL7","ENSG00000012660, ENSG00000066322, ENSG00000118402, ENSG00000119915, ENSG00000164181, ENSG00000170522, ENSG00000197977",32.0,35.0,31.0,1.0,0.0,0.0,0.0,9.0,0.0,0.0,0.0,0.0,0.0,0.0,0.0,222.0,0.3052891198537851,0.0,0.0,0.0,11,0,"LIHC,LUAD,LUSC",54,0.2805850931632311,0,0,"BLCA,COAD,LIHC,LUAD,LUSC,OV,PAAD,STAD,TGCT",1,0,1,0,0,0,0,2,0,2,MAR02211 | ELOVL,222.934906649788
MAR02305,MAR02305,Fatty acid biosynthesis (unsaturated),Regional,XGBoost,9,"BLCA,COAD,LIHC,LUAD,LUSC,OV,PAAD,STAD,TGCT",7,"ELOVL1, ELOVL2, ELOVL3, ELOVL4, ELOVL5, ELOVL6, ELOVL7","ENSG00000012660, ENSG00000066322, ENSG00000118402, ENSG00000119915, ENSG00000164181, ENSG00000170522, ENSG00000197977",32.0,35.0,31.0,1.0,0.0,0.0,0.0,9.0,0.0,0.0,0.0,0.0,0.0,0.0,0.0,222.0,0.3052891198537851,0.0,0.0,0.0,11,0,"LIHC,LUAD,LUSC",54,0.2805850931632311,0,0,"BLCA,COAD,LIHC,LUAD,LUSC,OV,PAAD,STAD,TGCT",1,0,1,0,0,0,0,2,0,2,MAR02305 | ELOVL,222.934906649788
MAR04050,carbamoyl-phosphate:L-aspartate carbamoyltransferase,Pyrimidine metabolism,Regional,GNN,8,"BLCA,COAD,KIRC,LUAD,LUSC,OV,STAD,TGCT",1,CAD,ENSG00000084774,0.0,0.0,0.0,0.0,0.0,0.0,0.0,0.0,0.0,0.0,0.0,0.0,0.0,0.0,0.0,0.0,0.0,0.0,0.0,0.0,9,1,"BLCA,COAD,LUAD,LUSC,OV,STAD",0,0.0,0,0,,1,1,0,0,0,0,0,2,0,2,carbamoyl-phosphate:L-asparta... | CAD,222.70258509299404
MAR04608,(S)-dihydroorotate amidohydrolase,Pyrimidine metabolism,Regional,GNN,8,"BLCA,COAD,KIRC,LUAD,LUSC,OV,STAD,TGCT",1,CAD,ENSG00000084774,0.0,0.0,0.0,0.0,0.0,0.0,0.0,0.0,0.0,0.0,0.0,0.0,0.0,0.0,0.0,0.0,0.0,0.0,0.0,0.0,9,1,"BLCA,COAD,LUAD,LUSC,OV,STAD",0,0.0,0,0,,1,1,0,0,0,0,0,2,0,2,(S)-dihydroorotate amidohydro... | CAD,222.70258509299404
MAR04391,D-glyceraldehyde-3-phosphate aldose-ketose-isomerase,Glycolysis / Gluconeogenesis,Regional,GNN,7,"ACC,COAD,KIRC,KIRP,LUAD,PAAD,PRAD",1,TPI1,ENSG00000111669,12.0,14.0,8.0,4.0,0.0,0.0,0.0,8.0,0.0,0.0,0.0,0.0,0.0,0.0,0.0,27.0,0.1181816134056088,0.0,0.0,0.0,6,0,"LUAD,PAAD",1,0.1042719042014613,0,0,LUAD,1,0,1,0,0,0,0,2,0,2,D-glyceraldehyde-3-phosphate... | TPI1,222.2959101490553
MAR04398,2-deoxy-D-ribose-5-phosphate acetaldehyde-lyase (D-glyceraldehyde-3-phosphate-forming),Pentose phosphate pathway,Regional,Both,9,"BLCA,COAD,LUAD,LUSC,OV,PAAD,STAD,TGCT,THCA",1,DERA,ENSG00000023697,1.0,1.0,1.0,0.0,0.0,0.0,0.0,1.0,0.0,0.0,0.0,0.0,0.0,0.0,0.0,22.0,0.0488395516650642,0.0,0.0,0.0,1,0,OV,4,0.003695798546847,0,0,"BLCA,LUAD,LUSC,THCA",1,0,1,0,0,0,0,2,0,2,2-deoxy-D-ribose-5-phosphate... | DERA,221.14314718055996
MAR04574,inosine:phosphate alpha-D-ribosyltransferase,Purine metabolism,Regional,GNN,6,"ACC,COAD,LUSC,OV,STAD,TGCT",1,PNP,ENSG00000198805,0.0,0.0,0.0,0.0,0.0,0.0,0.0,0.0,6.0,5.0,0.0,2.0,34.80253237259035,0.0,0.0,41.0,0.3839800204171375,2.0,3.0,2.0,0,0,,3,0.0129352949139645,0,0,"LUSC,OV,STAD",0,0,1,0,1,0,0,1,1,2,inosine:phosphate alpha-D-rib... | PNP,210.3
MAR06914,ferrocytochrome-c:oxygen oxidoreductase,Oxidative phosphorylation,Regional,XGBoost,8,"ACC,BLCA,KIRC,LIHC,LUAD,OV,PAAD,STAD",19,"COX4I1, COX4I2, COX5A, COX5B, COX6A1, COX6A2, COX6B1, COX6B2, COX6C, COX7A1, COX7A2, COX7B, COX7B2, COX7C, COX8A, MT-CO1, MT-CO2, MT-CO3, NDUFA4","ENSG00000111775, ENSG00000112695, ENSG00000126267, ENSG00000127184, ENSG00000131055, ENSG00000131143, ENSG00000131174, ENSG00000135940, ENSG00000156885, ENSG00000160471, ENSG00000161281, ENSG00000164919, ENSG00000170516, ENSG00000176340, ENSG00000178741, ENSG00000189043, ENSG00000198712, ENSG00000198804, ENSG00000198938",0.0,0.0,0.0,0.0,0.0,0.0,0.0,0.0,0.0,0.0,0.0,0.0,0.0,0.0,0.0,0.0,0.0,0.0,0.0,0.0,11,0,"ACC,KIRC,LIHC,LUAD,STAD",0,0.0,0,0,,1,0,0,0,0,0,0,1,0,1,"ferrocytochrome-c:oxygen oxid... | COX4I1, COX4I2...",112.884906649788
MAR00486,MAR00486,Glycerolipid metabolism,Regional,XGBoost,6,"KIRP,LUAD,LUSC,OV,PAAD,TGCT",4,"GPAM, GPAT2, GPAT3, GPAT4","ENSG00000119927, ENSG00000138678, ENSG00000158669, ENSG00000186281",0.0,0.0,0.0,0.0,0.0,0.0,0.0,0.0,0.0,0.0,0.0,0.0,0.0,0.0,0.0,0.0,0.0,0.0,0.0,0.0,6,0,"KIRP,OV",0,0.0,0,0,,1,0,0,0,0,0,0,1,0,1,"MAR00486 | GPAM, GPAT2, GP...",112.2459101490553
MAR02604,MAR02604,Carnitine shuttle (mitochondrial),Regional,XGBoost,9,"BLCA,COAD,KIRC,LUAD,LUSC,OV,PAAD,STAD,TGCT",2,"CPT2, CRAT","ENSG00000095321, ENSG00000157184",0.0,0.0,0.0,0.0,0.0,0.0,0.0,0.0,0.0,0.0,0.0,0.0,0.0,0.0,0.0,0.0,0.0,0.0,0.0,0.0,3,0,"COAD,OV",0,0.0,0,0,,1,0,0,0,0,0,0,1,0,1,"MAR02604 | CPT, CRAT",111.8362943611199
MAR02202,MAR02202,Fatty acid elongation (even-chain),Regional,XGBoost,9,"BLCA,COAD,LIHC,LUAD,LUSC,OV,PAAD,STAD,TGCT",1,HSD17B12,ENSG00000149084,0.0,0.0,0.0,0.0,0.0,0.0,0.0,0.0,0.0,0.0,0.0,0.0,0.0,0.0,0.0,0.0,0.0,0.0,0.0,0.0,1,0,OV,0,0.0,0,0,,1,0,0,0,0,0,0,1,0,1,MAR02202 | HSD17B12,111.14314718055996
MAR04595,ATP:D-xylulose 5-phosphotransferase,Pentose and glucuronate interconversions,Regional,XGBoost,9,"BLCA,COAD,LUAD,LUSC,OV,PAAD,PRAD,STAD,TGCT",1,XYLB,ENSG00000093217,0.0,0.0,0.0,0.0,0.0,0.0,0.0,0.0,0.0,0.0,0.0,0.0,0.0,0.0,0.0,27.0,0.3877211742509637,0.0,0.0,0.0,0,0,,7,0.0233817020140154,0,0,"COAD,LUAD,LUSC,PRAD,STAD",0,0,1,0,0,0,0,1,0,1,ATP:D-xylulose 5-phosphotrans... | XYLB,110.45
MAR04710,"2-deoxy-D-ribose 1-phosphate 1,5-phosphomutase",Pentose phosphate pathway,Regional,XGBoost,9,"BLCA,COAD,LUAD,LUSC,OV,PAAD,STAD,TGCT,THCA",1,PGM2,ENSG00000169299,0.0,0.0,0.0,0.0,0.0,0.0,0.0,0.0,0.0,0.0,0.0,0.0,0.0,0.0,0.0,44.0,0.2629917490099354,0.0,0.0,0.0,0,0,,10,0.0787205090478414,0,0,"COAD,LUAD,LUSC,OV,STAD",0,0,1,0,0,0,0,1,0,1,2-deoxy-D-ribose 1-phosphate... | PGM2,110.45
MAR04350,ATP:D-ribose 5-phosphotransferase,Pentose phosphate pathway,Regional,GNN,5,"ACC,BLCA,KIRC,LUSC,TGCT",1,RBKS,ENSG00000171174,0.0,0.0,0.0,0.0,0.0,0.0,0.0,0.0,0.0,0.0,0.0,0.0,0.0,0.0,0.0,34.0,0.188715946810596,0.0,0.0,0.0,0,0,,5,0.0027824243610177,0,0,"ACC,KIRC,LUSC",0,0,1,0,0,0,0,1,0,1,ATP:D-ribose 5-phosphotransfe... | RBKS,110.25
MAR04354,"D-Ribose 1,5-phosphomutase",Pentose phosphate pathway,Regional,GNN,5,"COAD,LUSC,PAAD,STAD,TGCT",1,PGM2,ENSG00000169299,0.0,0.0,0.0,0.0,0.0,0.0,0.0,0.0,0.0,0.0,0.0,0.0,0.0,0.0,0.0,44.0,0.2629917490099354,0.0,0.0,0.0,0,0,,8,0.0059132776749552,0,0,"COAD,LUSC,STAD",0,0,1,0,0,0,0,1,0,1,"D-Ribose 1,5-phosphomutase | PGM2",110.25
MAR03238,MAR03238,Sphingolipid metabolism,Regional,XGBoost,8,"BLCA,LIHC,LUAD,LUSC,OV,PAAD,STAD,TGCT",0,,,0.0,0.0,0.0,0.0,0.0,0.0,0.0,0.0,0.0,0.0,0.0,0.0,0.0,0.0,0.0,0.0,0.0,0.0,0.0,0.0,0,0,,0,0.0,0,0,,0,0,0,0,0,0,0,0,0,0,MAR03238 | gene not mapped,0.4
MAR03119,MAR03119,Tryptophan metabolism,Regional,GNN,7,"ACC,BLCA,COAD,KIRP,PRAD,STAD,THCA",0,,,0.0,0.0,0.0,0.0,0.0,0.0,0.0,0.0,0.0,0.0,0.0,0.0,0.0,0.0,0.0,0.0,0.0,0.0,0.0,0.0,0,0,,0,0.0,0,0,,0,0,0,0,0,0,0,0,0,0,MAR03119 | gene not mapped,0.35
MAR02817,MAR02817,Carnitine shuttle (endoplasmic reticular),Regional,XGBoost,6,"LIHC,LUAD,LUSC,OV,PAAD,TGCT",1,SLC22A5,ENSG00000197375,0.0,0.0,0.0,0.0,0.0,0.0,0.0,0.0,0.0,0.0,0.0,0.0,0.0,0.0,0.0,0.0,0.0,0.0,0.0,0.0,0,0,,0,0.0,0,0,,0,0,0,0,0,0,0,0,0,0,MAR02817 | SLC22A5,0.3
MAR04742,succinyl-CoA:glycine C-succinyltransferase (decarboxylating),"Glycine, serine and threonine metabolism",Regional,XGBoost,6,"COAD,LUAD,LUSC,OV,PAAD,STAD",3,"ALAS1, ALAS2, CPNE7","ENSG00000023330, ENSG00000158578, ENSG00000178773",0.0,0.0,0.0,0.0,0.0,0.0,0.0,0.0,0.0,0.0,0.0,0.0,0.0,0.0,0.0,0.0,0.0,0.0,0.0,0.0,0,0,,0,0.0,0,0,,0,0,0,0,0,0,0,0,0,0,"succinyl-CoA:glycine C-succin... | ALAS1, ALAS2, C...",0.3
MAR04915,MAR04915,Unknown,Regional,GNN,6,"BLCA,LUAD,LUSC,OV,PAAD,TGCT",0,,,0.0,0.0,0.0,0.0,0.0,0.0,0.0,0.0,0.0,0.0,0.0,0.0,0.0,0.0,0.0,0.0,0.0,0.0,0.0,0.0,0,0,,0,0.0,0,0,,0,0,0,0,0,0,0,0,0,0,MAR04915 | gene not mapped,0.3
MAR10036,acyl-CoA pool formation and breakdown,Pool reactions,Regional,GNN,6,"KIRP,LUAD,LUSC,OV,PAAD,TGCT",0,,,0.0,0.0,0.0,0.0,0.0,0.0,0.0,0.0,0.0,0.0,0.0,0.0,0.0,0.0,0.0,0.0,0.0,0.0,0.0,0.0,0,0,,0,0.0,0,0,,0,0,0,0,0,0,0,0,0,0,acyl-CoA pool formation and b... | gene not mapped,0.3
